model_type,run_id_prefix,lr,epochs,activation,force,hidden,blocks,seed,run_id,mse_teste_normalizado,mse_teste_desnormalizado,num_params,training_time_sec,final_total_loss,mean_last_100_loss
MLP,mlp,0.002,15000,Tanh(),False,2,1,1900,mlp_n_2_b_1_seed_1900,0.0003306214639451355,6.480180740356445,9,42.42554807662964,0.00042606471106410027,0.0004255767751601525
MLP,mlp,0.002,15000,Tanh(),False,2,1,1905,mlp_n_2_b_1_seed_1905,0.00027298455825075507,5.350497245788574,9,42.226707458496094,0.00035122031113132834,0.00035193347983295095
MLP,mlp,0.002,15000,Tanh(),False,2,1,1924,mlp_n_2_b_1_seed_1924,0.0003009198990184814,5.898029804229736,9,15.243313550949097,0.00038751785177737474,0.0003889975292258896
MLP,mlp,0.002,15000,Tanh(),False,2,1,1925,mlp_n_2_b_1_seed_1925,0.0002601088781375438,5.098135471343994,9,15.177750825881958,0.00033752535819076,0.0003404412031522952
MLP,mlp,0.002,15000,Tanh(),False,2,1,1926,mlp_n_2_b_1_seed_1926,7.031364657450467e-05,1.3781474828720093,9,15.216430187225342,0.00010200592805631459,0.00010229527732008136
