V_test,V_pred,MSE
0.0,6.3152494,0.012541674460749719
4.319580311932247e-28,0.5009848,0.012541674460749719
